head,relation,tail
第七章　共产主义崇高埋怨及其最终实现,包含,第一节　展望未来共产主义新社会
第七章　共产主义崇高埋怨及其最终实现,包含,第二节　实现共产主义是历史发展的必然趋势
第七章　共产主义崇高埋怨及其最终实现,包含,第三节　共产主义远大理想、与中国特色社会主义共同理想
第一节　展望未来共产主义新社会,包含,一、预见未来社会的方法论原则
第一节　展望未来共产主义新社会,包含,二、共产主义社会的基本特征
第二节　实现共产主义是历史发展的必然趋势,包含,一、实现共产主义是历史发展的必然
第二节　实现共产主义是历史发展的必然趋势,包含,二、实现共产主义是长期的历史过程
第三节　共产主义远大理想、与中国特色社会主义共同理想,包含,一、坚持远大理想与共同理想的辩证统一
第三节　共产主义远大理想、与中国特色社会主义共同理想,包含,二、坚定理想信念，投身新时代中国特色社会主义伟大事业
一、预见未来社会的方法论原则,包含,（一）在揭示人类社会发展一般规律的基础上指明社会发展的方向
一、预见未来社会的方法论原则,包含,（二）在剖析资本主义旧世界的过程中阐发未来新世界的特点
一、预见未来社会的方法论原则,包含,（三）在社会主义社会发展中不断深化对未来共产主义社会的认识
一、预见未来社会的方法论原则,包含,（四）立足于揭示未来社会的一般特征，而不对各种细节作具体描绘
二、共产主义社会的基本特征,包含,（一）物质财富极大丰富，消费资料按需分配
二、共产主义社会的基本特征,包含,（二）社会关系高度和谐，人们精神境界极大提高
二、共产主义社会的基本特征,包含,（三）实现每个人自由而全面的发展，人类从必然王国向自由王国飞跃
一、实现共产主义是历史发展的必然,包含,（一）共产主义理想的实现是历史发展的必然
一、实现共产主义是历史发展的必然,包含,（二）实现共产主义是人类以伟大事业
二、实现共产主义是长期的历史过程,包含,（一）资本主义的灭亡和向社会主义的转变是一个长期的过程
二、实现共产主义是长期的历史过程,包含,（二）社会主义社会的充分发展和最终向共产主义过渡需要很长的历史时期
一、坚持远大理想与共同理想的辩证统一,包含,（一）坚持和发展中国特色社会主义是中华民族通向共产主义的必由之路
一、坚持远大理想与共同理想的辩证统一,包含,（二）正确认识和把握共产主义远大理想与中国特色社会主义共同理想的关系